Day,Price,Coin
9-Oct-17,4614.52,BTC
8-Oct-17,4429.67,BTC
7-Oct-17,4369.35,BTC
6-Oct-17,4324.46,BTC
5-Oct-17,4229.88,BTC
4-Oct-17,4319.37,BTC
3-Oct-17,4408.46,BTC
2-Oct-17,4395.81,BTC
1-Oct-17,4341.05,BTC
30-Sep-17,4166.11,BTC
29-Sep-17,4171.62,BTC
28-Sep-17,4197.13,BTC
27-Sep-17,3892.94,BTC
26-Sep-17,3928.41,BTC
25-Sep-17,3681.58,BTC
24-Sep-17,3796.15,BTC
23-Sep-17,3629.92,BTC
22-Sep-17,3628.02,BTC
21-Sep-17,3901.47,BTC
20-Sep-17,3916.36,BTC
19-Sep-17,4073.79,BTC
18-Sep-17,3591.09,BTC
17-Sep-17,3606.28,BTC
16-Sep-17,3637.75,BTC
15-Sep-17,3166.3,BTC
14-Sep-17,3875.37,BTC
13-Sep-17,4131.98,BTC
12-Sep-17,4168.88,BTC
11-Sep-17,4122.47,BTC
10-Sep-17,4229.34,BTC
9-Sep-17,4229.81,BTC
8-Sep-17,4605.16,BTC
7-Sep-17,4589.14,BTC
6-Sep-17,4376.59,BTC
5-Sep-17,4228.29,BTC
4-Sep-17,4591.63,BTC
3-Sep-17,4585.27,BTC
2-Sep-17,4901.42,BTC
1-Sep-17,4701.76,BTC
31-Aug-17,4555.59,BTC
30-Aug-17,4570.36,BTC
29-Aug-17,4389.21,BTC
28-Aug-17,4384.45,BTC
27-Aug-17,4345.1,BTC
26-Aug-17,4372.06,BTC
25-Aug-17,4332.82,BTC
24-Aug-17,4137.6,BTC
23-Aug-17,4089.01,BTC
22-Aug-17,3998.35,BTC
21-Aug-17,4090.48,BTC
20-Aug-17,4189.31,BTC
19-Aug-17,4137.75,BTC
18-Aug-17,4324.34,BTC
17-Aug-17,4384.44,BTC
16-Aug-17,4200.34,BTC
15-Aug-17,4326.99,BTC
14-Aug-17,4066.1,BTC
13-Aug-17,3880.04,BTC
12-Aug-17,3650.63,BTC
11-Aug-17,3373.82,BTC
10-Aug-17,3341.84,BTC
9-Aug-17,3420.4,BTC
8-Aug-17,3370.22,BTC
7-Aug-17,3212.78,BTC
6-Aug-17,3257.61,BTC
5-Aug-17,2897.63,BTC
4-Aug-17,2806.93,BTC
3-Aug-17,2709.56,BTC
2-Aug-17,2727.13,BTC
1-Aug-17,2871.3,BTC
31-Jul-17,2763.24,BTC
30-Jul-17,2724.39,BTC
29-Jul-17,2807.02,BTC
28-Jul-17,2679.73,BTC
27-Jul-17,2538.71,BTC
26-Jul-17,2577.77,BTC
25-Jul-17,2757.5,BTC
24-Jul-17,2732.7,BTC
23-Jul-17,2808.1,BTC
22-Jul-17,2668.63,BTC
21-Jul-17,2838.41,BTC
20-Jul-17,2269.89,BTC
19-Jul-17,2323.08,BTC
18-Jul-17,2233.52,BTC
17-Jul-17,1932.62,BTC
16-Jul-17,1991.98,BTC
15-Jul-17,2230.12,BTC
14-Jul-17,2360.59,BTC
13-Jul-17,2402.7,BTC
12-Jul-17,2332.77,BTC
11-Jul-17,2385.89,BTC
10-Jul-17,2525.25,BTC
9-Jul-17,2572.61,BTC
8-Jul-17,2520.27,BTC
7-Jul-17,2608.59,BTC
6-Jul-17,2608.1,BTC
5-Jul-17,2602.87,BTC
4-Jul-17,2561,BTC
3-Jul-17,2498.56,BTC
2-Jul-17,2436.4,BTC
1-Jul-17,2492.6,BTC
30-Jun-17,2539.24,BTC
29-Jun-17,2567.56,BTC
28-Jun-17,2553.03,BTC
27-Jun-17,2478.45,BTC
26-Jun-17,2590.57,BTC
25-Jun-17,2607.25,BTC
24-Jun-17,2738.52,BTC
23-Jun-17,2707.34,BTC
22-Jun-17,2691.03,BTC
21-Jun-17,2709.43,BTC
20-Jun-17,2591.26,BTC
19-Jun-17,2549.03,BTC
18-Jun-17,2655.35,BTC
17-Jun-17,2514.01,BTC
16-Jun-17,2469.57,BTC
15-Jun-17,2499.58,BTC
14-Jun-17,2716.88,BTC
13-Jun-17,2680.91,BTC
12-Jun-17,2953.22,BTC
11-Jun-17,2942.41,BTC
10-Jun-17,2828.14,BTC
9-Jun-17,2807.44,BTC
8-Jun-17,2720.49,BTC
7-Jun-17,2869.38,BTC
6-Jun-17,2690.84,BTC
5-Jun-17,2512.4,BTC
4-Jun-17,2547.79,BTC
3-Jun-17,2493.72,BTC
2-Jun-17,2404.03,BTC
1-Jun-17,2288.33,BTC
31-May-17,2187.19,BTC
30-May-17,2255.36,BTC
29-May-17,2159.43,BTC
28-May-17,2054.08,BTC
27-May-17,2196.27,BTC
26-May-17,2320.89,BTC
25-May-17,2446.24,BTC
24-May-17,2321.37,BTC
23-May-17,2191.56,BTC
22-May-17,2043.19,BTC
21-May-17,2067.03,BTC
20-May-17,1984.24,BTC
19-May-17,1897.37,BTC
18-May-17,1818.7,BTC
17-May-17,1726.73,BTC
16-May-17,1741.7,BTC
15-May-17,1808.44,BTC
14-May-17,1800.86,BTC
13-May-17,1723.12,BTC
12-May-17,1845.76,BTC
11-May-17,1780.37,BTC
10-May-17,1756.52,BTC
9-May-17,1723.89,BTC
8-May-17,1596.92,BTC
7-May-17,1579.47,BTC
6-May-17,1556.81,BTC
5-May-17,1540.87,BTC
4-May-17,1490.72,BTC
3-May-17,1453.78,BTC
2-May-17,1421.03,BTC
1-May-17,1348.3,BTC
30-Apr-17,1321.87,BTC
29-Apr-17,1317.84,BTC
28-Apr-17,1317.74,BTC
27-Apr-17,1281.88,BTC
26-Apr-17,1265.99,BTC
25-Apr-17,1250.45,BTC
24-Apr-17,1209.63,BTC
23-Apr-17,1231.92,BTC
22-Apr-17,1222.71,BTC
21-Apr-17,1229.42,BTC
20-Apr-17,1211.08,BTC
19-Apr-17,1212.13,BTC
18-Apr-17,1193.77,BTC
17-Apr-17,1183.25,BTC
16-Apr-17,1172.61,BTC
15-Apr-17,1167.3,BTC
14-Apr-17,1170.33,BTC
13-Apr-17,1201.02,BTC
12-Apr-17,1204.81,BTC
11-Apr-17,1187.46,BTC
10-Apr-17,1187.3,BTC
9-Apr-17,1176.57,BTC
8-Apr-17,1172.65,BTC
7-Apr-17,1178.94,BTC
6-Apr-17,1125.81,BTC
5-Apr-17,1134.14,BTC
4-Apr-17,1145.52,BTC
3-Apr-17,1102.95,BTC
2-Apr-17,1080.61,BTC
1-Apr-17,1071.71,BTC
31-Mar-17,1026.64,BTC
30-Mar-17,1042.21,BTC
29-Mar-17,1046.08,BTC
28-Mar-17,1044.58,BTC
27-Mar-17,972.05,BTC
26-Mar-17,974.01,BTC
25-Mar-17,936.54,BTC
24-Mar-17,1038.45,BTC
23-Mar-17,1050.05,BTC
22-Mar-17,1120.65,BTC
21-Mar-17,1055.36,BTC
20-Mar-17,1037.24,BTC
19-Mar-17,976.73,BTC
18-Mar-17,1099.69,BTC
17-Mar-17,1180.16,BTC
16-Mar-17,1251.33,BTC
15-Mar-17,1240.16,BTC
14-Mar-17,1232.16,BTC
13-Mar-17,1221.78,BTC
12-Mar-17,1176.62,BTC
11-Mar-17,1116.32,BTC
10-Mar-17,1189.36,BTC
9-Mar-17,1150.35,BTC
8-Mar-17,1223.23,BTC
7-Mar-17,1273.21,BTC
6-Mar-17,1267.47,BTC
5-Mar-17,1254.29,BTC
4-Mar-17,1277.43,BTC
3-Mar-17,1250.71,BTC
2-Mar-17,1224.68,BTC
1-Mar-17,1180.04,BTC
28-Feb-17,1180.72,BTC
27-Feb-17,1163.78,BTC
26-Feb-17,1144.27,BTC
25-Feb-17,1170.41,BTC
24-Feb-17,1172.71,BTC
23-Feb-17,1117.27,BTC
22-Feb-17,1114.8,BTC
21-Feb-17,1079.28,BTC
20-Feb-17,1048.69,BTC
19-Feb-17,1054.76,BTC
18-Feb-17,1049.21,BTC
17-Feb-17,1026.12,BTC
16-Feb-17,1007.65,BTC
15-Feb-17,1006.21,BTC
14-Feb-17,991.74,BTC
13-Feb-17,998.88,BTC
12-Feb-17,1003.52,BTC
11-Feb-17,988.9,BTC
10-Feb-17,995.63,BTC
9-Feb-17,1064.7,BTC
8-Feb-17,1062.32,BTC
7-Feb-17,1040.14,BTC
6-Feb-17,1028.4,BTC
5-Feb-17,1043.52,BTC
4-Feb-17,1031.33,BTC
3-Feb-17,1011.46,BTC
2-Feb-17,990,BTC
1-Feb-17,970.94,BTC
31-Jan-17,920.96,BTC
30-Jan-17,920.15,BTC
29-Jan-17,922.07,BTC
28-Jan-17,919.81,BTC
27-Jan-17,918.36,BTC
26-Jan-17,902.39,BTC
25-Jan-17,891.92,BTC
24-Jan-17,910.68,BTC
23-Jan-17,925.5,BTC
22-Jan-17,922.21,BTC
21-Jan-17,895.55,BTC
20-Jan-17,898.17,BTC
19-Jan-17,888.34,BTC
18-Jan-17,909.37,BTC
17-Jan-17,830.95,BTC
16-Jan-17,821.78,BTC
15-Jan-17,818.14,BTC
14-Jan-17,825.14,BTC
13-Jan-17,803.74,BTC
12-Jan-17,775.18,BTC
11-Jan-17,908.12,BTC
10-Jan-17,902.44,BTC
9-Jan-17,913.24,BTC
8-Jan-17,908.17,BTC
7-Jan-17,903.49,BTC
6-Jan-17,1014.24,BTC
5-Jan-17,1156.73,BTC
4-Jan-17,1044.4,BTC
3-Jan-17,1021.6,BTC
2-Jan-17,998.62,BTC
1-Jan-17,963.66,BTC
31-Dec-16,960.63,BTC
30-Dec-16,972.53,BTC
29-Dec-16,975.13,BTC
28-Dec-16,934.83,BTC
27-Dec-16,908.35,BTC
26-Dec-16,896.9,BTC
25-Dec-16,899.65,BTC
24-Dec-16,922.18,BTC
23-Dec-16,864.89,BTC
22-Dec-16,834.18,BTC
21-Dec-16,800.64,BTC
20-Dec-16,792.25,BTC
19-Dec-16,790.69,BTC
18-Dec-16,791.01,BTC
17-Dec-16,785.17,BTC
16-Dec-16,778.96,BTC
15-Dec-16,780.07,BTC
14-Dec-16,780,BTC
13-Dec-16,780.65,BTC
12-Dec-16,770.04,BTC
11-Dec-16,774.75,BTC
10-Dec-16,773.02,BTC
9-Dec-16,769.94,BTC
8-Dec-16,768.08,BTC
7-Dec-16,764.21,BTC
6-Dec-16,758.72,BTC
5-Dec-16,773.39,BTC
4-Dec-16,771.64,BTC
3-Dec-16,778.25,BTC
2-Dec-16,757.54,BTC
1-Dec-16,746.05,BTC
30-Nov-16,736.28,BTC
29-Nov-16,736.33,BTC
28-Nov-16,732.48,BTC
27-Nov-16,735.44,BTC
26-Nov-16,741.51,BTC
25-Nov-16,740.44,BTC
24-Nov-16,744.62,BTC
23-Nov-16,751.74,BTC
22-Nov-16,739.64,BTC
21-Nov-16,731.26,BTC
20-Nov-16,751.88,BTC
19-Nov-16,751.83,BTC
18-Nov-16,740.71,BTC
17-Nov-16,744.88,BTC
16-Nov-16,711.17,BTC
15-Nov-16,705.79,BTC
14-Nov-16,702,BTC
13-Nov-16,705.2,BTC
12-Nov-16,716.75,BTC
11-Nov-16,715.55,BTC
10-Nov-16,722.84,BTC
9-Nov-16,709.83,BTC
8-Nov-16,703.09,BTC
7-Nov-16,710.74,BTC
6-Nov-16,703.81,BTC
5-Nov-16,703.52,BTC
4-Nov-16,689.12,BTC
3-Nov-16,742.35,BTC
2-Nov-16,730.07,BTC
1-Nov-16,701.34,BTC
31-Oct-16,702.64,BTC
30-Oct-16,714.12,BTC
29-Oct-16,690.29,BTC
28-Oct-16,688,BTC
27-Oct-16,678.21,BTC
26-Oct-16,657.68,BTC
25-Oct-16,654,BTC
24-Oct-16,657.16,BTC
23-Oct-16,657.62,BTC
22-Oct-16,633.14,BTC
21-Oct-16,630.83,BTC
20-Oct-16,630.66,BTC
19-Oct-16,638.13,BTC
18-Oct-16,639.41,BTC
17-Oct-16,641.82,BTC
16-Oct-16,639.08,BTC
15-Oct-16,640.31,BTC
14-Oct-16,637.01,BTC
13-Oct-16,636.03,BTC
12-Oct-16,640.87,BTC
11-Oct-16,619.24,BTC
10-Oct-16,616.82,BTC
11-Oct-16,619.24,BTC
10-Oct-16,616.82,BTC
9-Oct-17,308.67,ETH
8-Oct-17,311.06,ETH
7-Oct-17,308.89,ETH
6-Oct-17,295.15,ETH
5-Oct-17,292.77,ETH
4-Oct-17,292.75,ETH
3-Oct-17,297.48,ETH
2-Oct-17,302.48,ETH
1-Oct-17,301.55,ETH
30-Sep-17,291.48,ETH
29-Sep-17,299.12,ETH
28-Sep-17,306.47,ETH
27-Sep-17,287.02,ETH
26-Sep-17,292.35,ETH
25-Sep-17,282.22,ETH
24-Sep-17,286.21,ETH
23-Sep-17,264.6,ETH
22-Sep-17,258.11,ETH
21-Sep-17,283.26,ETH
20-Sep-17,282.01,ETH
19-Sep-17,293.66,ETH
18-Sep-17,252.23,ETH
17-Sep-17,245.85,ETH
16-Sep-17,250.87,ETH
15-Sep-17,215.22,ETH
14-Sep-17,276.59,ETH
13-Sep-17,291.12,ETH
12-Sep-17,294.63,ETH
11-Sep-17,289.75,ETH
10-Sep-17,294.06,ETH
9-Sep-17,296.17,ETH
8-Sep-17,329.64,ETH
7-Sep-17,333.52,ETH
6-Sep-17,313.8,ETH
5-Sep-17,297.57,ETH
4-Sep-17,347.13,ETH
3-Sep-17,350.23,ETH
2-Sep-17,387.82,ETH
1-Sep-17,383.47,ETH
31-Aug-17,378.44,ETH
30-Aug-17,369.47,ETH
29-Aug-17,347.96,ETH
28-Aug-17,350.04,ETH
27-Aug-17,334.36,ETH
26-Aug-17,331.99,ETH
25-Aug-17,326.11,ETH
24-Aug-17,317.45,ETH
23-Aug-17,315.27,ETH
22-Aug-17,321.06,ETH
21-Aug-17,300.48,ETH
20-Aug-17,296.64,ETH
19-Aug-17,296.18,ETH
18-Aug-17,301.7,ETH
17-Aug-17,302.81,ETH
16-Aug-17,289.82,ETH
15-Aug-17,299.95,ETH
14-Aug-17,298.03,ETH
13-Aug-17,310.37,ETH
12-Aug-17,308.71,ETH
11-Aug-17,294.5,ETH
10-Aug-17,296.96,ETH
9-Aug-17,297.63,ETH
8-Aug-17,269.1,ETH
7-Aug-17,261.24,ETH
6-Aug-17,256.42,ETH
5-Aug-17,222.85,ETH
4-Aug-17,225.31,ETH
3-Aug-17,220.18,ETH
2-Aug-17,227.01,ETH
1-Aug-17,204.69,ETH
31-Jul-17,197.41,ETH
30-Jul-17,206.74,ETH
29-Jul-17,193.34,ETH
28-Jul-17,204.32,ETH
27-Jul-17,204.86,ETH
26-Jul-17,207.09,ETH
25-Jul-17,224.37,ETH
24-Jul-17,226.28,ETH
23-Jul-17,229.12,ETH
22-Jul-17,217.86,ETH
21-Jul-17,226.06,ETH
20-Jul-17,205.42,ETH
19-Jul-17,234.94,ETH
18-Jul-17,195.03,ETH
17-Jul-17,159.99,ETH
16-Jul-17,169.57,ETH
15-Jul-17,199.71,ETH
14-Jul-17,209.53,ETH
13-Jul-17,231.81,ETH
12-Jul-17,197.15,ETH
11-Jul-17,211.53,ETH
10-Jul-17,243.01,ETH
9-Jul-17,251.82,ETH
8-Jul-17,245.89,ETH
7-Jul-17,270.35,ETH
6-Jul-17,268.86,ETH
5-Jul-17,273.1,ETH
4-Jul-17,282.19,ETH
3-Jul-17,288.41,ETH
2-Jul-17,275.12,ETH
1-Jul-17,293.35,ETH
30-Jun-17,303.15,ETH
29-Jun-17,328.37,ETH
28-Jun-17,293.04,ETH
27-Jun-17,272.69,ETH
26-Jun-17,302.95,ETH
25-Jun-17,323.47,ETH
24-Jun-17,341.63,ETH
23-Jun-17,336.49,ETH
22-Jun-17,337.73,ETH
21-Jun-17,359.54,ETH
20-Jun-17,370.33,ETH
19-Jun-17,371.86,ETH
18-Jun-17,379.52,ETH
17-Jun-17,369.88,ETH
16-Jun-17,361.18,ETH
15-Jun-17,358.51,ETH
14-Jun-17,397.59,ETH
13-Jun-17,395.69,ETH
12-Jun-17,341.16,ETH
11-Jun-17,338.79,ETH
10-Jun-17,282.01,ETH
9-Jun-17,261.75,ETH
8-Jun-17,257.99,ETH
7-Jun-17,264.26,ETH
6-Jun-17,248.6,ETH
5-Jun-17,245.26,ETH
4-Jun-17,224.12,ETH
3-Jun-17,223.46,ETH
2-Jun-17,222.29,ETH
1-Jun-17,230.89,ETH
31-May-17,231.58,ETH
30-May-17,195.61,ETH
29-May-17,170.13,ETH
28-May-17,158.82,ETH
27-May-17,159.82,ETH
26-May-17,175.22,ETH
25-May-17,189.85,ETH
24-May-17,182.65,ETH
23-May-17,170.82,ETH
22-May-17,158.17,ETH
21-May-17,127.54,ETH
20-May-17,129.22,ETH
19-May-17,97.05,ETH
18-May-17,89.84,ETH
17-May-17,89.25,ETH
16-May-17,92.39,ETH
15-May-17,90.78,ETH
14-May-17,90.87,ETH
13-May-17,88.69,ETH
12-May-17,89.43,ETH
11-May-17,89.77,ETH
10-May-17,91.15,ETH
9-May-17,91.23,ETH
8-May-17,93.75,ETH
7-May-17,97.87,ETH
6-May-17,94.91,ETH
5-May-17,96.73,ETH
4-May-17,79.72,ETH
3-May-17,77.25,ETH
2-May-17,76.65,ETH
1-May-17,79.32,ETH
30-Apr-17,68.54,ETH
29-Apr-17,71.39,ETH
28-Apr-17,62.23,ETH
27-Apr-17,52.81,ETH
26-Apr-17,49.91,ETH
25-Apr-17,50.07,ETH
24-Apr-17,48.87,ETH
23-Apr-17,48.59,ETH
22-Apr-17,48.18,ETH
21-Apr-17,49.64,ETH
20-Apr-17,48.13,ETH
19-Apr-17,50.73,ETH
18-Apr-17,48.32,ETH
17-Apr-17,48.66,ETH
16-Apr-17,49.04,ETH
15-Apr-17,47.65,ETH
14-Apr-17,49.97,ETH
13-Apr-17,46.31,ETH
12-Apr-17,43.46,ETH
11-Apr-17,43.5,ETH
10-Apr-17,43.28,ETH
9-Apr-17,44.28,ETH
8-Apr-17,41.8,ETH
7-Apr-17,42.87,ETH
6-Apr-17,45.22,ETH
5-Apr-17,44.66,ETH
4-Apr-17,43.92,ETH
3-Apr-17,48.82,ETH
2-Apr-17,50.74,ETH
1-Apr-17,50.03,ETH
31-Mar-17,51.75,ETH
30-Mar-17,53.12,ETH
29-Mar-17,50.57,ETH
28-Mar-17,49.71,ETH
27-Mar-17,51.31,ETH
26-Mar-17,50.77,ETH
25-Mar-17,53.58,ETH
24-Mar-17,43.64,ETH
23-Mar-17,42.57,ETH
22-Mar-17,43.12,ETH
21-Mar-17,43.51,ETH
20-Mar-17,44.83,ETH
19-Mar-17,35.53,ETH
18-Mar-17,46.87,ETH
17-Mar-17,45.93,ETH
16-Mar-17,35.36,ETH
15-Mar-17,28.65,ETH
14-Mar-17,28.57,ETH
13-Mar-17,23.5,ETH
12-Mar-17,21.46,ETH
11-Mar-17,19.37,ETH
10-Mar-17,17.74,ETH
9-Mar-17,16.64,ETH
8-Mar-17,18.88,ETH
7-Mar-17,19.58,ETH
6-Mar-17,19.28,ETH
5-Mar-17,18.5,ETH
4-Mar-17,19.52,ETH
3-Mar-17,19.04,ETH
2-Mar-17,17.36,ETH
1-Mar-17,15.85,ETH
28-Feb-17,15.45,ETH
27-Feb-17,14.51,ETH
26-Feb-17,13.52,ETH
25-Feb-17,13.06,ETH
24-Feb-17,13.13,ETH
23-Feb-17,12.6,ETH
22-Feb-17,12.69,ETH
21-Feb-17,12.34,ETH
20-Feb-17,12.77,ETH
19-Feb-17,12.82,ETH
18-Feb-17,12.71,ETH
17-Feb-17,12.9,ETH
16-Feb-17,12.92,ETH
15-Feb-17,13.04,ETH
14-Feb-17,11.29,ETH
13-Feb-17,11.38,ETH
12-Feb-17,11.35,ETH
11-Feb-17,11.29,ETH
10-Feb-17,11.04,ETH
9-Feb-17,11.44,ETH
8-Feb-17,11.54,ETH
7-Feb-17,11.43,ETH
6-Feb-17,11.35,ETH
5-Feb-17,11.44,ETH
4-Feb-17,11.13,ETH
3-Feb-17,10.81,ETH
2-Feb-17,10.74,ETH
1-Feb-17,10.74,ETH
31-Jan-17,10.56,ETH
30-Jan-17,10.49,ETH
29-Jan-17,10.56,ETH
28-Jan-17,10.54,ETH
27-Jan-17,10.58,ETH
26-Jan-17,10.57,ETH
25-Jan-17,10.62,ETH
24-Jan-17,10.73,ETH
23-Jan-17,10.71,ETH
22-Jan-17,10.91,ETH
21-Jan-17,10.6,ETH
20-Jan-17,10.39,ETH
19-Jan-17,10.24,ETH
18-Jan-17,10.3,ETH
17-Jan-17,9.64,ETH
16-Jan-17,9.88,ETH
15-Jan-17,9.83,ETH
14-Jan-17,9.79,ETH
13-Jan-17,9.83,ETH
12-Jan-17,9.72,ETH
11-Jan-17,10.54,ETH
10-Jan-17,10.37,ETH
9-Jan-17,10.31,ETH
8-Jan-17,9.87,ETH
7-Jan-17,10.24,ETH
6-Jan-17,10.29,ETH
5-Jan-17,11.29,ETH
4-Jan-17,9.71,ETH
3-Jan-17,8.37,ETH
2-Jan-17,8.17,ETH
1-Jan-17,7.98,ETH
31-Dec-16,8.15,ETH
30-Dec-16,8.29,ETH
29-Dec-16,7.54,ETH
28-Dec-16,7.15,ETH
27-Dec-16,7.28,ETH
26-Dec-16,7.13,ETH
25-Dec-16,7.26,ETH
24-Dec-16,7.15,ETH
23-Dec-16,7.58,ETH
22-Dec-16,7.9,ETH
21-Dec-16,7.66,ETH
20-Dec-16,7.63,ETH
19-Dec-16,7.87,ETH
18-Dec-16,7.86,ETH
17-Dec-16,7.86,ETH
16-Dec-16,7.86,ETH
15-Dec-16,8.24,ETH
14-Dec-16,8.45,ETH
13-Dec-16,8.52,ETH
12-Dec-16,8.19,ETH
11-Dec-16,8.13,ETH
10-Dec-16,8.44,ETH
9-Dec-16,8.17,ETH
8-Dec-16,8.38,ETH
7-Dec-16,7.89,ETH
6-Dec-16,6.8,ETH
5-Dec-16,7.41,ETH
4-Dec-16,7.9,ETH
3-Dec-16,7.77,ETH
2-Dec-16,8.46,ETH
1-Dec-16,8.6,ETH
30-Nov-16,8.16,ETH
29-Nov-16,8.73,ETH
28-Nov-16,9,ETH
27-Nov-16,9.31,ETH
26-Nov-16,9.42,ETH
25-Nov-16,9.23,ETH
24-Nov-16,9.85,ETH
23-Nov-16,9.92,ETH
22-Nov-16,9.63,ETH
21-Nov-16,9.58,ETH
20-Nov-16,9.66,ETH
19-Nov-16,9.48,ETH
18-Nov-16,9.99,ETH
17-Nov-16,10.06,ETH
16-Nov-16,10.22,ETH
15-Nov-16,9.97,ETH
14-Nov-16,10.1,ETH
13-Nov-16,9.89,ETH
12-Nov-16,10.29,ETH
11-Nov-16,10.51,ETH
10-Nov-16,10.67,ETH
9-Nov-16,10.82,ETH
8-Nov-16,10.85,ETH
7-Nov-16,10.9,ETH
6-Nov-16,10.99,ETH
5-Nov-16,11.09,ETH
4-Nov-16,10.82,ETH
3-Nov-16,10.8,ETH
2-Nov-16,10.77,ETH
1-Nov-16,10.96,ETH
31-Oct-16,11.23,ETH
30-Oct-16,10.43,ETH
29-Oct-16,11.1,ETH
28-Oct-16,11.47,ETH
27-Oct-16,11.53,ETH
26-Oct-16,11.38,ETH
25-Oct-16,11.97,ETH
24-Oct-16,12.04,ETH
23-Oct-16,12.13,ETH
22-Oct-16,12.18,ETH
21-Oct-16,12.13,ETH
20-Oct-16,12.05,ETH
19-Oct-16,12.59,ETH
18-Oct-16,12,ETH
17-Oct-16,11.96,ETH
16-Oct-16,11.98,ETH
15-Oct-16,11.94,ETH
14-Oct-16,11.99,ETH
13-Oct-16,11.91,ETH
12-Oct-16,11.78,ETH
11-Oct-16,11.76,ETH
10-Oct-16,12.06,ETH
9-Oct-17,0.278758,XRP
8-Oct-17,0.238312,XRP
7-Oct-17,0.233963,XRP
6-Oct-17,0.237726,XRP
5-Oct-17,0.215583,XRP
4-Oct-17,0.203218,XRP
3-Oct-17,0.203209,XRP
2-Oct-17,0.206077,XRP
1-Oct-17,0.197622,XRP
30-Sep-17,0.193824,XRP
29-Sep-17,0.196105,XRP
28-Sep-17,0.202532,XRP
27-Sep-17,0.185297,XRP
26-Sep-17,0.181968,XRP
25-Sep-17,0.175519,XRP
24-Sep-17,0.178175,XRP
23-Sep-17,0.173371,XRP
22-Sep-17,0.171567,XRP
21-Sep-17,0.180981,XRP
20-Sep-17,0.18371,XRP
19-Sep-17,0.189819,XRP
18-Sep-17,0.178309,XRP
17-Sep-17,0.178377,XRP
16-Sep-17,0.181925,XRP
15-Sep-17,0.165035,XRP
14-Sep-17,0.200427,XRP
13-Sep-17,0.20963,XRP
12-Sep-17,0.21486,XRP
11-Sep-17,0.212513,XRP
10-Sep-17,0.209606,XRP
9-Sep-17,0.211293,XRP
8-Sep-17,0.223615,XRP
7-Sep-17,0.226382,XRP
6-Sep-17,0.214951,XRP
5-Sep-17,0.20511,XRP
4-Sep-17,0.228781,XRP
3-Sep-17,0.227229,XRP
2-Sep-17,0.249348,XRP
1-Sep-17,0.255803,XRP
31-Aug-17,0.227558,XRP
30-Aug-17,0.218871,XRP
29-Aug-17,0.224026,XRP
28-Aug-17,0.203425,XRP
27-Aug-17,0.212617,XRP
26-Aug-17,0.218256,XRP
25-Aug-17,0.2172,XRP
24-Aug-17,0.252371,XRP
23-Aug-17,0.240987,XRP
22-Aug-17,0.194971,XRP
21-Aug-17,0.15841,XRP
20-Aug-17,0.154569,XRP
19-Aug-17,0.159553,XRP
18-Aug-17,0.157117,XRP
17-Aug-17,0.160787,XRP
16-Aug-17,0.161238,XRP
15-Aug-17,0.16979,XRP
14-Aug-17,0.168376,XRP
13-Aug-17,0.173545,XRP
12-Aug-17,0.179221,XRP
11-Aug-17,0.180175,XRP
10-Aug-17,0.183168,XRP
9-Aug-17,0.192527,XRP
8-Aug-17,0.179602,XRP
7-Aug-17,0.179716,XRP
6-Aug-17,0.185398,XRP
5-Aug-17,0.173865,XRP
4-Aug-17,0.174555,XRP
3-Aug-17,0.173218,XRP
2-Aug-17,0.177531,XRP
1-Aug-17,0.168024,XRP
31-Jul-17,0.16505,XRP
30-Jul-17,0.169494,XRP
29-Jul-17,0.165218,XRP
28-Jul-17,0.173211,XRP
27-Jul-17,0.17521,XRP
26-Jul-17,0.177582,XRP
25-Jul-17,0.19228,XRP
24-Jul-17,0.194979,XRP
23-Jul-17,0.193568,XRP
22-Jul-17,0.182168,XRP
21-Jul-17,0.18943,XRP
20-Jul-17,0.170017,XRP
19-Jul-17,0.188498,XRP
18-Jul-17,0.179668,XRP
17-Jul-17,0.150146,XRP
16-Jul-17,0.16948,XRP
15-Jul-17,0.190976,XRP
14-Jul-17,0.200819,XRP
13-Jul-17,0.205873,XRP
12-Jul-17,0.184198,XRP
11-Jul-17,0.196415,XRP
10-Jul-17,0.234067,XRP
9-Jul-17,0.236884,XRP
8-Jul-17,0.239741,XRP
7-Jul-17,0.254858,XRP
6-Jul-17,0.256374,XRP
5-Jul-17,0.255125,XRP
4-Jul-17,0.259841,XRP
3-Jul-17,0.258977,XRP
2-Jul-17,0.254512,XRP
1-Jul-17,0.262855,XRP
30-Jun-17,0.26606,XRP
29-Jun-17,0.280565,XRP
28-Jun-17,0.275391,XRP
27-Jun-17,0.277288,XRP
26-Jun-17,0.29877,XRP
25-Jun-17,0.310816,XRP
24-Jun-17,0.319188,XRP
23-Jun-17,0.297718,XRP
22-Jun-17,0.299886,XRP
21-Jun-17,0.324623,XRP
20-Jun-17,0.292194,XRP
19-Jun-17,0.283977,XRP
18-Jun-17,0.268085,XRP
17-Jun-17,0.262358,XRP
16-Jun-17,0.259473,XRP
15-Jun-17,0.278196,XRP
14-Jun-17,0.265823,XRP
13-Jun-17,0.253823,XRP
12-Jun-17,0.273075,XRP
11-Jun-17,0.259445,XRP
10-Jun-17,0.285806,XRP
9-Jun-17,0.289695,XRP
8-Jun-17,0.280902,XRP
7-Jun-17,0.284677,XRP
6-Jun-17,0.294028,XRP
5-Jun-17,0.299862,XRP
4-Jun-17,0.298386,XRP
3-Jun-17,0.30046,XRP
2-Jun-17,0.333645,XRP
1-Jun-17,0.243946,XRP
31-May-17,0.20536,XRP
30-May-17,0.232191,XRP
29-May-17,0.227189,XRP
28-May-17,0.212887,XRP
27-May-17,0.272697,XRP
26-May-17,0.245083,XRP
25-May-17,0.291834,XRP
24-May-17,0.325054,XRP
23-May-17,0.313347,XRP
22-May-17,0.338403,XRP
21-May-17,0.353164,XRP
20-May-17,0.328631,XRP
19-May-17,0.363505,XRP
18-May-17,0.394931,XRP
17-May-17,0.355124,XRP
16-May-17,0.269824,XRP
15-May-17,0.220069,XRP
14-May-17,0.215179,XRP
13-May-17,0.206697,XRP
12-May-17,0.18276,XRP
11-May-17,0.185035,XRP
10-May-17,0.158471,XRP
9-May-17,0.199198,XRP
8-May-17,0.14162,XRP
7-May-17,0.101929,XRP
6-May-17,0.093429,XRP
5-May-17,0.080229,XRP
4-May-17,0.061062,XRP
3-May-17,0.053905,XRP
2-May-17,0.054646,XRP
1-May-17,0.05158,XRP
30-Apr-17,0.052807,XRP
29-Apr-17,0.044558,XRP
28-Apr-17,0.034843,XRP
27-Apr-17,0.032827,XRP
26-Apr-17,0.03239,XRP
25-Apr-17,0.031409,XRP
24-Apr-17,0.031236,XRP
23-Apr-17,0.031878,XRP
22-Apr-17,0.033122,XRP
21-Apr-17,0.029727,XRP
20-Apr-17,0.030259,XRP
19-Apr-17,0.033181,XRP
18-Apr-17,0.033638,XRP
17-Apr-17,0.0334,XRP
16-Apr-17,0.03388,XRP
15-Apr-17,0.033528,XRP
14-Apr-17,0.034262,XRP
13-Apr-17,0.034459,XRP
12-Apr-17,0.033002,XRP
11-Apr-17,0.033677,XRP
10-Apr-17,0.034123,XRP
9-Apr-17,0.035799,XRP
8-Apr-17,0.036355,XRP
7-Apr-17,0.03274,XRP
6-Apr-17,0.035672,XRP
5-Apr-17,0.037386,XRP
4-Apr-17,0.033032,XRP
3-Apr-17,0.060291,XRP
2-Apr-17,0.021938,XRP
1-Apr-17,0.021743,XRP
31-Mar-17,0.013049,XRP
30-Mar-17,0.010125,XRP
29-Mar-17,0.009526,XRP
28-Mar-17,0.009568,XRP
27-Mar-17,0.009482,XRP
26-Mar-17,0.009159,XRP
25-Mar-17,0.010502,XRP
24-Mar-17,0.010528,XRP
23-Mar-17,0.007284,XRP
22-Mar-17,0.006908,XRP
21-Mar-17,0.006996,XRP
20-Mar-17,0.006915,XRP
19-Mar-17,0.006736,XRP
18-Mar-17,0.006137,XRP
17-Mar-17,0.006406,XRP
16-Mar-17,0.006319,XRP
15-Mar-17,0.00637,XRP
14-Mar-17,0.006346,XRP
13-Mar-17,0.006271,XRP
12-Mar-17,0.006214,XRP
11-Mar-17,0.006229,XRP
10-Mar-17,0.006503,XRP
9-Mar-17,0.006485,XRP
8-Mar-17,0.006551,XRP
7-Mar-17,0.006057,XRP
6-Mar-17,0.006129,XRP
5-Mar-17,0.00629,XRP
4-Mar-17,0.006354,XRP
3-Mar-17,0.005988,XRP
2-Mar-17,0.005419,XRP
1-Mar-17,0.005525,XRP
28-Feb-17,0.005608,XRP
27-Feb-17,0.005665,XRP
26-Feb-17,0.005664,XRP
25-Feb-17,0.0057,XRP
24-Feb-17,0.005883,XRP
23-Feb-17,0.005856,XRP
22-Feb-17,0.005849,XRP
21-Feb-17,0.005871,XRP
20-Feb-17,0.005879,XRP
19-Feb-17,0.005589,XRP
18-Feb-17,0.005949,XRP
17-Feb-17,0.005939,XRP
16-Feb-17,0.006138,XRP
15-Feb-17,0.006279,XRP
14-Feb-17,0.00624,XRP
13-Feb-17,0.006267,XRP
12-Feb-17,0.006328,XRP
11-Feb-17,0.00629,XRP
10-Feb-17,0.006367,XRP
9-Feb-17,0.006433,XRP
8-Feb-17,0.006407,XRP
7-Feb-17,0.006437,XRP
6-Feb-17,0.006439,XRP
5-Feb-17,0.006494,XRP
4-Feb-17,0.006487,XRP
3-Feb-17,0.006466,XRP
2-Feb-17,0.00654,XRP
1-Feb-17,0.006311,XRP
31-Jan-17,0.00639,XRP
30-Jan-17,0.006402,XRP
29-Jan-17,0.006356,XRP
28-Jan-17,0.006409,XRP
27-Jan-17,0.006685,XRP
26-Jan-17,0.006511,XRP
25-Jan-17,0.006527,XRP
24-Jan-17,0.006708,XRP
23-Jan-17,0.006718,XRP
22-Jan-17,0.006706,XRP
21-Jan-17,0.006694,XRP
20-Jan-17,0.007032,XRP
19-Jan-17,0.006713,XRP
18-Jan-17,0.00679,XRP
17-Jan-17,0.006772,XRP
16-Jan-17,0.006747,XRP
15-Jan-17,0.006867,XRP
14-Jan-17,0.00661,XRP
13-Jan-17,0.006434,XRP
12-Jan-17,0.006417,XRP
11-Jan-17,0.006708,XRP
10-Jan-17,0.006157,XRP
9-Jan-17,0.006239,XRP
8-Jan-17,0.006383,XRP
7-Jan-17,0.006351,XRP
6-Jan-17,0.006197,XRP
5-Jan-17,0.006572,XRP
4-Jan-17,0.006385,XRP
3-Jan-17,0.00629,XRP
2-Jan-17,0.006386,XRP
1-Jan-17,0.006523,XRP
31-Dec-16,0.006417,XRP
30-Dec-16,0.006352,XRP
29-Dec-16,0.00618,XRP
28-Dec-16,0.006193,XRP
27-Dec-16,0.006326,XRP
26-Dec-16,0.006443,XRP
25-Dec-16,0.00635,XRP
24-Dec-16,0.006275,XRP
23-Dec-16,0.006362,XRP
22-Dec-16,0.006452,XRP
21-Dec-16,0.006498,XRP
20-Dec-16,0.00654,XRP
19-Dec-16,0.006582,XRP
18-Dec-16,0.006541,XRP
17-Dec-16,0.006704,XRP
16-Dec-16,0.006662,XRP
15-Dec-16,0.006699,XRP
14-Dec-16,0.006704,XRP
13-Dec-16,0.00678,XRP
12-Dec-16,0.006744,XRP
11-Dec-16,0.006816,XRP
10-Dec-16,0.007138,XRP
9-Dec-16,0.007091,XRP
8-Dec-16,0.006849,XRP
7-Dec-16,0.006653,XRP
6-Dec-16,0.006435,XRP
5-Dec-16,0.006525,XRP
4-Dec-16,0.006592,XRP
3-Dec-16,0.006712,XRP
2-Dec-16,0.006707,XRP
1-Dec-16,0.006723,XRP
30-Nov-16,0.006779,XRP
29-Nov-16,0.007009,XRP
28-Nov-16,0.007082,XRP
27-Nov-16,0.007385,XRP
26-Nov-16,0.006895,XRP
25-Nov-16,0.006948,XRP
24-Nov-16,0.007062,XRP
23-Nov-16,0.007434,XRP
22-Nov-16,0.007567,XRP
21-Nov-16,0.007649,XRP
20-Nov-16,0.007799,XRP
19-Nov-16,0.007778,XRP
18-Nov-16,0.007722,XRP
17-Nov-16,0.007851,XRP
16-Nov-16,0.007888,XRP
15-Nov-16,0.008099,XRP
14-Nov-16,0.008255,XRP
13-Nov-16,0.008039,XRP
12-Nov-16,0.008061,XRP
11-Nov-16,0.008131,XRP
10-Nov-16,0.008081,XRP
9-Nov-16,0.008205,XRP
8-Nov-16,0.008111,XRP
7-Nov-16,0.008197,XRP
6-Nov-16,0.00823,XRP
5-Nov-16,0.008157,XRP
4-Nov-16,0.008015,XRP
3-Nov-16,0.008221,XRP
2-Nov-16,0.008104,XRP
1-Nov-16,0.008197,XRP
31-Oct-16,0.008014,XRP
30-Oct-16,0.007738,XRP
29-Oct-16,0.008157,XRP
28-Oct-16,0.008483,XRP
27-Oct-16,0.008833,XRP
26-Oct-16,0.008884,XRP
25-Oct-16,0.009065,XRP
24-Oct-16,0.009432,XRP
23-Oct-16,0.008977,XRP
22-Oct-16,0.009027,XRP
21-Oct-16,0.00909,XRP
20-Oct-16,0.008636,XRP
19-Oct-16,0.008348,XRP
18-Oct-16,0.008032,XRP
17-Oct-16,0.008079,XRP
16-Oct-16,0.008137,XRP
15-Oct-16,0.008769,XRP
14-Oct-16,0.00798,XRP
13-Oct-16,0.007951,XRP
12-Oct-16,0.008208,XRP
11-Oct-16,0.007993,XRP
10-Oct-16,0.007542,XRP
9-Oct-17,53.08,LTC
8-Oct-17,52.49,LTC
7-Oct-17,52.14,LTC
6-Oct-17,51.64,LTC
5-Oct-17,51.4,LTC
4-Oct-17,52.28,LTC
3-Oct-17,53.39,LTC
2-Oct-17,54.55,LTC
1-Oct-17,55.14,LTC
30-Sep-17,52.63,LTC
29-Sep-17,54.11,LTC
28-Sep-17,56.21,LTC
27-Sep-17,51.58,LTC
26-Sep-17,51.69,LTC
25-Sep-17,47.62,LTC
24-Sep-17,49.25,LTC
23-Sep-17,48.16,LTC
22-Sep-17,46.65,LTC
21-Sep-17,51.66,LTC
20-Sep-17,52.74,LTC
19-Sep-17,55.68,LTC
18-Sep-17,48.53,LTC
17-Sep-17,48.23,LTC
16-Sep-17,48.13,LTC
15-Sep-17,41.69,LTC
14-Sep-17,61.64,LTC
13-Sep-17,64.32,LTC
12-Sep-17,66.24,LTC
11-Sep-17,61.65,LTC
10-Sep-17,65.8,LTC
9-Sep-17,67.21,LTC
8-Sep-17,78.45,LTC
7-Sep-17,79.88,LTC
6-Sep-17,71.78,LTC
5-Sep-17,65.25,LTC
4-Sep-17,76.73,LTC
3-Sep-17,78.98,LTC
2-Sep-17,85.83,LTC
1-Sep-17,70.86,LTC
31-Aug-17,64.16,LTC
30-Aug-17,63.16,LTC
29-Aug-17,62.39,LTC
28-Aug-17,61.36,LTC
27-Aug-17,51.8,LTC
26-Aug-17,51.17,LTC
25-Aug-17,50.17,LTC
24-Aug-17,52.82,LTC
23-Aug-17,46.71,LTC
22-Aug-17,47.9,LTC
21-Aug-17,46.19,LTC
20-Aug-17,45.38,LTC
19-Aug-17,47.05,LTC
18-Aug-17,43.9,LTC
17-Aug-17,44.18,LTC
16-Aug-17,43.37,LTC
15-Aug-17,45.81,LTC
14-Aug-17,45.83,LTC
13-Aug-17,46.57,LTC
12-Aug-17,47.05,LTC
11-Aug-17,46.4,LTC
10-Aug-17,48.05,LTC
9-Aug-17,48.59,LTC
8-Aug-17,45.9,LTC
7-Aug-17,45.17,LTC
6-Aug-17,46.84,LTC
5-Aug-17,43.49,LTC
4-Aug-17,42.89,LTC
3-Aug-17,42.19,LTC
2-Aug-17,43.07,LTC
1-Aug-17,43.02,LTC
31-Jul-17,40.34,LTC
30-Jul-17,41.18,LTC
29-Jul-17,40.56,LTC
28-Jul-17,42.22,LTC
27-Jul-17,42.35,LTC
26-Jul-17,42.29,LTC
25-Jul-17,44.48,LTC
24-Jul-17,44.16,LTC
23-Jul-17,46.63,LTC
22-Jul-17,45.77,LTC
21-Jul-17,45.07,LTC
20-Jul-17,40.96,LTC
19-Jul-17,44.35,LTC
18-Jul-17,42.62,LTC
17-Jul-17,41.19,LTC
16-Jul-17,38.92,LTC
15-Jul-17,42.81,LTC
14-Jul-17,46.36,LTC
13-Jul-17,48.72,LTC
12-Jul-17,45.26,LTC
11-Jul-17,46.27,LTC
10-Jul-17,49.91,LTC
9-Jul-17,52.36,LTC
8-Jul-17,46.64,LTC
7-Jul-17,51.1,LTC
6-Jul-17,53.2,LTC
5-Jul-17,55.27,LTC
4-Jul-17,46.56,LTC
3-Jul-17,41.48,LTC
2-Jul-17,38.95,LTC
1-Jul-17,40.4,LTC
30-Jun-17,41.04,LTC
29-Jun-17,42.83,LTC
28-Jun-17,40.82,LTC
27-Jun-17,41.13,LTC
26-Jun-17,44.04,LTC
25-Jun-17,44.49,LTC
24-Jun-17,47.25,LTC
23-Jun-17,47.75,LTC
22-Jun-17,47.72,LTC
21-Jun-17,47.3,LTC
20-Jun-17,50.41,LTC
19-Jun-17,46.16,LTC
18-Jun-17,47.44,LTC
17-Jun-17,36.18,LTC
16-Jun-17,30.28,LTC
15-Jun-17,30.22,LTC
14-Jun-17,30.74,LTC
13-Jun-17,29.49,LTC
12-Jun-17,33.23,LTC
11-Jun-17,30.5,LTC
10-Jun-17,29.68,LTC
9-Jun-17,30.19,LTC
8-Jun-17,28.38,LTC
7-Jun-17,30.57,LTC
6-Jun-17,30.84,LTC
5-Jun-17,28.09,LTC
4-Jun-17,27.65,LTC
3-Jun-17,29.04,LTC
2-Jun-17,28.9,LTC
1-Jun-17,25.34,LTC
31-May-17,24.29,LTC
30-May-17,25.32,LTC
29-May-17,24.32,LTC
28-May-17,24.01,LTC
27-May-17,23.4,LTC
26-May-17,30.33,LTC
25-May-17,34.47,LTC
24-May-17,32.12,LTC
23-May-17,25.3,LTC
22-May-17,26.14,LTC
21-May-17,27.48,LTC
20-May-17,27.68,LTC
19-May-17,28.29,LTC
18-May-17,25.17,LTC
17-May-17,23.24,LTC
16-May-17,25.34,LTC
15-May-17,28.89,LTC
14-May-17,29.09,LTC
13-May-17,27.22,LTC
12-May-17,30.93,LTC
11-May-17,32.66,LTC
10-May-17,33.3,LTC
9-May-17,28.96,LTC
8-May-17,30.37,LTC
7-May-17,28.2,LTC
6-May-17,26.47,LTC
5-May-17,23.47,LTC
4-May-17,21.04,LTC
3-May-17,15.88,LTC
2-May-17,15.92,LTC
1-May-17,15.71,LTC
30-Apr-17,15.7,LTC
29-Apr-17,14.4,LTC
28-Apr-17,14.59,LTC
27-Apr-17,14.84,LTC
26-Apr-17,15.21,LTC
25-Apr-17,14.98,LTC
24-Apr-17,13.96,LTC
23-Apr-17,13.07,LTC
22-Apr-17,11.18,LTC
21-Apr-17,10.29,LTC
20-Apr-17,9.63,LTC
19-Apr-17,10.31,LTC
18-Apr-17,10.42,LTC
17-Apr-17,10.6,LTC
16-Apr-17,10.75,LTC
15-Apr-17,10.34,LTC
14-Apr-17,10.13,LTC
13-Apr-17,10.76,LTC
12-Apr-17,8.83,LTC
11-Apr-17,8.91,LTC
10-Apr-17,8.72,LTC
9-Apr-17,9.89,LTC
8-Apr-17,9.34,LTC
7-Apr-17,10.22,LTC
6-Apr-17,11.12,LTC
5-Apr-17,8.25,LTC
4-Apr-17,8.12,LTC
3-Apr-17,7.74,LTC
2-Apr-17,6.86,LTC
1-Apr-17,6.65,LTC
31-Mar-17,7.02,LTC
30-Mar-17,4.18,LTC
29-Mar-17,4.14,LTC
28-Mar-17,4.07,LTC
27-Mar-17,4.07,LTC
26-Mar-17,4.07,LTC
25-Mar-17,4.07,LTC
24-Mar-17,3.97,LTC
23-Mar-17,3.93,LTC
22-Mar-17,3.99,LTC
21-Mar-17,4.04,LTC
20-Mar-17,3.95,LTC
19-Mar-17,3.96,LTC
18-Mar-17,4.04,LTC
17-Mar-17,4.23,LTC
16-Mar-17,4.15,LTC
15-Mar-17,4.05,LTC
14-Mar-17,4.17,LTC
13-Mar-17,3.85,LTC
12-Mar-17,3.79,LTC
11-Mar-17,3.76,LTC
10-Mar-17,3.83,LTC
9-Mar-17,3.77,LTC
8-Mar-17,3.81,LTC
7-Mar-17,3.89,LTC
6-Mar-17,3.87,LTC
5-Mar-17,3.86,LTC
4-Mar-17,3.91,LTC
3-Mar-17,3.92,LTC
2-Mar-17,3.8,LTC
1-Mar-17,3.77,LTC
28-Feb-17,3.8,LTC
27-Feb-17,3.81,LTC
26-Feb-17,3.82,LTC
25-Feb-17,3.85,LTC
24-Feb-17,3.83,LTC
23-Feb-17,3.8,LTC
22-Feb-17,3.79,LTC
21-Feb-17,3.76,LTC
20-Feb-17,3.77,LTC
19-Feb-17,3.79,LTC
18-Feb-17,3.83,LTC
17-Feb-17,3.78,LTC
16-Feb-17,3.8,LTC
15-Feb-17,3.77,LTC
14-Feb-17,3.72,LTC
13-Feb-17,3.77,LTC
12-Feb-17,3.8,LTC
11-Feb-17,3.78,LTC
10-Feb-17,3.8,LTC
9-Feb-17,4.03,LTC
8-Feb-17,4.05,LTC
7-Feb-17,4.05,LTC
6-Feb-17,4.06,LTC
5-Feb-17,4.07,LTC
4-Feb-17,4.08,LTC
3-Feb-17,4.08,LTC
2-Feb-17,4.08,LTC
1-Feb-17,4.08,LTC
31-Jan-17,4.02,LTC
30-Jan-17,3.86,LTC
29-Jan-17,3.85,LTC
28-Jan-17,3.85,LTC
27-Jan-17,3.84,LTC
26-Jan-17,3.71,LTC
25-Jan-17,3.79,LTC
24-Jan-17,3.84,LTC
23-Jan-17,3.86,LTC
22-Jan-17,3.9,LTC
21-Jan-17,3.89,LTC
20-Jan-17,3.86,LTC
19-Jan-17,3.84,LTC
18-Jan-17,3.94,LTC
17-Jan-17,3.91,LTC
16-Jan-17,3.92,LTC
15-Jan-17,3.89,LTC
14-Jan-17,3.89,LTC
13-Jan-17,3.95,LTC
12-Jan-17,3.84,LTC
11-Jan-17,4.6,LTC
10-Jan-17,4.3,LTC
9-Jan-17,4,LTC
8-Jan-17,3.96,LTC
7-Jan-17,3.86,LTC
6-Jan-17,4.3,LTC
5-Jan-17,4.91,LTC
4-Jan-17,4.63,LTC
3-Jan-17,4.66,LTC
2-Jan-17,4.52,LTC
1-Jan-17,4.33,LTC
31-Dec-16,4.39,LTC
30-Dec-16,4.56,LTC
29-Dec-16,4.58,LTC
28-Dec-16,4.49,LTC
27-Dec-16,4.37,LTC
26-Dec-16,4.35,LTC
25-Dec-16,4.56,LTC
24-Dec-16,4.65,LTC
23-Dec-16,3.72,LTC
22-Dec-16,3.67,LTC
21-Dec-16,3.66,LTC
20-Dec-16,3.66,LTC
19-Dec-16,3.68,LTC
18-Dec-16,3.7,LTC
17-Dec-16,3.63,LTC
16-Dec-16,3.63,LTC
15-Dec-16,3.61,LTC
14-Dec-16,3.66,LTC
13-Dec-16,3.67,LTC
12-Dec-16,3.64,LTC
11-Dec-16,3.69,LTC
10-Dec-16,3.69,LTC
9-Dec-16,3.69,LTC
8-Dec-16,3.6,LTC
7-Dec-16,3.54,LTC
6-Dec-16,3.49,LTC
5-Dec-16,3.88,LTC
4-Dec-16,3.93,LTC
3-Dec-16,3.95,LTC
2-Dec-16,3.92,LTC
1-Dec-16,3.91,LTC
30-Nov-16,3.89,LTC
29-Nov-16,3.89,LTC
28-Nov-16,3.9,LTC
27-Nov-16,3.91,LTC
26-Nov-16,3.92,LTC
25-Nov-16,3.91,LTC
24-Nov-16,3.93,LTC
23-Nov-16,3.97,LTC
22-Nov-16,3.95,LTC
21-Nov-16,3.93,LTC
20-Nov-16,3.97,LTC
19-Nov-16,3.98,LTC
18-Nov-16,3.96,LTC
17-Nov-16,4.06,LTC
16-Nov-16,3.9,LTC
15-Nov-16,3.89,LTC
14-Nov-16,3.88,LTC
13-Nov-16,3.77,LTC
12-Nov-16,3.81,LTC
11-Nov-16,3.84,LTC
10-Nov-16,3.86,LTC
9-Nov-16,3.85,LTC
8-Nov-16,3.84,LTC
7-Nov-16,3.89,LTC
6-Nov-16,3.86,LTC
5-Nov-16,3.88,LTC
4-Nov-16,3.86,LTC
3-Nov-16,4.11,LTC
2-Nov-16,4.09,LTC
1-Nov-16,4,LTC
31-Oct-16,4.04,LTC
30-Oct-16,4.1,LTC
29-Oct-16,3.98,LTC
28-Oct-16,4.04,LTC
27-Oct-16,3.96,LTC
26-Oct-16,3.91,LTC
25-Oct-16,3.87,LTC
24-Oct-16,3.92,LTC
23-Oct-16,3.89,LTC
22-Oct-16,3.81,LTC
21-Oct-16,3.79,LTC
20-Oct-16,3.81,LTC
19-Oct-16,3.85,LTC
18-Oct-16,3.95,LTC
17-Oct-16,3.89,LTC
16-Oct-16,3.88,LTC
15-Oct-16,3.9,LTC
14-Oct-16,3.91,LTC
13-Oct-16,3.75,LTC
12-Oct-16,3.82,LTC
11-Oct-16,3.8,LTC
10-Oct-16,3.82,LTC
9-Oct-17,32.04,NEO
8-Oct-17,35.64,NEO
7-Oct-17,33.54,NEO
6-Oct-17,32.5,NEO
5-Oct-17,31.21,NEO
4-Oct-17,33.79,NEO
3-Oct-17,36.65,NEO
2-Oct-17,35.7,NEO
1-Oct-17,34.12,NEO
30-Sep-17,28.59,NEO
29-Sep-17,30.25,NEO
28-Sep-17,31.78,NEO
27-Sep-17,26.32,NEO
26-Sep-17,26.12,NEO
25-Sep-17,19.8,NEO
24-Sep-17,20.17,NEO
23-Sep-17,18.58,NEO
22-Sep-17,17.39,NEO
21-Sep-17,19.65,NEO
20-Sep-17,19.9,NEO
19-Sep-17,20.99,NEO
18-Sep-17,19.91,NEO
17-Sep-17,20.64,NEO
16-Sep-17,18.75,NEO
15-Sep-17,15.81,NEO
14-Sep-17,20.08,NEO
13-Sep-17,20.83,NEO
12-Sep-17,21.87,NEO
11-Sep-17,22.68,NEO
10-Sep-17,21.76,NEO
9-Sep-17,24.63,NEO
8-Sep-17,30.59,NEO
7-Sep-17,21.3,NEO
6-Sep-17,22.97,NEO
5-Sep-17,21.88,NEO
4-Sep-17,30.44,NEO
3-Sep-17,31.77,NEO
2-Sep-17,31.69,NEO
1-Sep-17,33.17,NEO
31-Aug-17,32.93,NEO
30-Aug-17,33.48,NEO
29-Aug-17,38.46,NEO
28-Aug-17,40.23,NEO
27-Aug-17,38.58,NEO
26-Aug-17,40.31,NEO
25-Aug-17,41.96,NEO
24-Aug-17,39.92,NEO
23-Aug-17,35.83,NEO
22-Aug-17,35.16,NEO
21-Aug-17,38.04,NEO
20-Aug-17,39.63,NEO
19-Aug-17,38.86,NEO
18-Aug-17,40.85,NEO
17-Aug-17,45.72,NEO
16-Aug-17,46.98,NEO
15-Aug-17,47.5,NEO
14-Aug-17,47.63,NEO
13-Aug-17,36.86,NEO
12-Aug-17,33.16,NEO
11-Aug-17,36.32,NEO
10-Aug-17,21.68,NEO
9-Aug-17,18.34,NEO
8-Aug-17,18.73,NEO
7-Aug-17,15.2,NEO
6-Aug-17,14.17,NEO
5-Aug-17,10.39,NEO
4-Aug-17,10.84,NEO
3-Aug-17,8.19,NEO
2-Aug-17,7.85,NEO
1-Aug-17,7.36,NEO
31-Jul-17,7.16,NEO
30-Jul-17,7.27,NEO
29-Jul-17,7.09,NEO
28-Jul-17,7.75,NEO
27-Jul-17,7.22,NEO
26-Jul-17,7.33,NEO
25-Jul-17,8.48,NEO
24-Jul-17,8.61,NEO
23-Jul-17,8.64,NEO
22-Jul-17,7.39,NEO
21-Jul-17,7.24,NEO
20-Jul-17,5.89,NEO
19-Jul-17,6.04,NEO
18-Jul-17,5.77,NEO
17-Jul-17,5.06,NEO
16-Jul-17,5.03,NEO
15-Jul-17,5.55,NEO
14-Jul-17,6.27,NEO
13-Jul-17,6.68,NEO
12-Jul-17,5.31,NEO
11-Jul-17,5.93,NEO
10-Jul-17,6.91,NEO
9-Jul-17,7.4,NEO
8-Jul-17,6.79,NEO
7-Jul-17,7.83,NEO
6-Jul-17,7.98,NEO
5-Jul-17,7.77,NEO
4-Jul-17,8.22,NEO
3-Jul-17,8.06,NEO
2-Jul-17,7.96,NEO
1-Jul-17,8.77,NEO
30-Jun-17,9.72,NEO
29-Jun-17,8.34,NEO
28-Jun-17,6.96,NEO
27-Jun-17,5.35,NEO
26-Jun-17,5.95,NEO
25-Jun-17,6.29,NEO
24-Jun-17,6.87,NEO
23-Jun-17,6.92,NEO
22-Jun-17,10.16,NEO
21-Jun-17,8.04,NEO
20-Jun-17,11.79,NEO
19-Jun-17,5.46,NEO
18-Jun-17,3.79,NEO
17-Jun-17,2.8,NEO
16-Jun-17,1.8,NEO
15-Jun-17,1.74,NEO
14-Jun-17,1.81,NEO
13-Jun-17,1.5,NEO
12-Jun-17,1.67,NEO
11-Jun-17,1.69,NEO
10-Jun-17,1.54,NEO
9-Jun-17,1.36,NEO
8-Jun-17,1.27,NEO
7-Jun-17,1.34,NEO
6-Jun-17,1.28,NEO
5-Jun-17,1.27,NEO
4-Jun-17,1.25,NEO
3-Jun-17,1.36,NEO
2-Jun-17,1.25,NEO
1-Jun-17,1.03,NEO
31-May-17,1.02,NEO
30-May-17,0.975403,NEO
29-May-17,0.921727,NEO
28-May-17,0.989557,NEO
27-May-17,0.806824,NEO
26-May-17,1.11,NEO
25-May-17,1.74,NEO
24-May-17,0.878954,NEO
23-May-17,0.721726,NEO
22-May-17,0.682007,NEO
21-May-17,0.665434,NEO
20-May-17,0.638148,NEO
19-May-17,0.539752,NEO
18-May-17,0.533423,NEO
17-May-17,0.464285,NEO
16-May-17,0.474567,NEO
15-May-17,0.477364,NEO
14-May-17,0.483372,NEO
13-May-17,0.487873,NEO
12-May-17,0.480874,NEO
11-May-17,0.504314,NEO
10-May-17,0.44926,NEO
9-May-17,0.496131,NEO
8-May-17,0.5303,NEO
7-May-17,0.585263,NEO
6-May-17,0.572854,NEO
5-May-17,0.493833,NEO
4-May-17,0.345096,NEO
3-May-17,0.314746,NEO
2-May-17,0.319147,NEO
1-May-17,0.361689,NEO
30-Apr-17,0.271731,NEO
29-Apr-17,0.229612,NEO
28-Apr-17,0.202194,NEO
27-Apr-17,0.184394,NEO
26-Apr-17,0.183475,NEO
25-Apr-17,0.173606,NEO
24-Apr-17,0.177077,NEO
23-Apr-17,0.180684,NEO
22-Apr-17,0.178943,NEO
21-Apr-17,0.184685,NEO
20-Apr-17,0.189534,NEO
19-Apr-17,0.180622,NEO
18-Apr-17,0.19191,NEO
17-Apr-17,0.191583,NEO
16-Apr-17,0.193672,NEO
15-Apr-17,0.192991,NEO
14-Apr-17,0.19154,NEO
13-Apr-17,0.193966,NEO
12-Apr-17,0.198357,NEO
11-Apr-17,0.209023,NEO
10-Apr-17,0.188842,NEO
9-Apr-17,0.189679,NEO
8-Apr-17,0.189456,NEO
7-Apr-17,0.187871,NEO
6-Apr-17,0.184767,NEO
5-Apr-17,0.185082,NEO
4-Apr-17,0.199874,NEO
3-Apr-17,0.205808,NEO
2-Apr-17,0.203584,NEO
1-Apr-17,0.203606,NEO
31-Mar-17,0.210236,NEO
30-Mar-17,0.212468,NEO
29-Mar-17,0.22065,NEO
28-Mar-17,0.186277,NEO
27-Mar-17,0.161165,NEO
26-Mar-17,0.167267,NEO
25-Mar-17,0.166941,NEO
24-Mar-17,0.166412,NEO
23-Mar-17,0.173183,NEO
22-Mar-17,0.164951,NEO
21-Mar-17,0.153972,NEO
20-Mar-17,0.157444,NEO
19-Mar-17,0.159019,NEO
18-Mar-17,0.140006,NEO
17-Mar-17,0.131324,NEO
16-Mar-17,0.128773,NEO
15-Mar-17,0.133699,NEO
14-Mar-17,0.136986,NEO
13-Mar-17,0.140799,NEO
12-Mar-17,0.142217,NEO
11-Mar-17,0.131403,NEO
10-Mar-17,0.132107,NEO
9-Mar-17,0.116266,NEO
8-Mar-17,0.122602,NEO
7-Mar-17,0.123459,NEO
6-Mar-17,0.121782,NEO
5-Mar-17,0.119821,NEO
4-Mar-17,0.122602,NEO
3-Mar-17,0.119272,NEO
2-Mar-17,0.135408,NEO
1-Mar-17,0.117455,NEO
28-Feb-17,0.115442,NEO
27-Feb-17,0.115234,NEO
26-Feb-17,0.114553,NEO
25-Feb-17,0.120864,NEO
24-Feb-17,0.119243,NEO
23-Feb-17,0.121958,NEO
22-Feb-17,0.124515,NEO
21-Feb-17,0.1214,NEO
20-Feb-17,0.123001,NEO
19-Feb-17,0.124522,NEO
18-Feb-17,0.122901,NEO
17-Feb-17,0.125972,NEO
16-Feb-17,0.112739,NEO
15-Feb-17,0.116744,NEO
14-Feb-17,0.118339,NEO
13-Feb-17,0.12153,NEO
12-Feb-17,0.125493,NEO
11-Feb-17,0.125788,NEO
10-Feb-17,0.12754,NEO
9-Feb-17,0.129684,NEO
8-Feb-17,0.133244,NEO
7-Feb-17,0.126972,NEO
6-Feb-17,0.131717,NEO
5-Feb-17,0.135944,NEO
4-Feb-17,0.134385,NEO
3-Feb-17,0.14565,NEO
2-Feb-17,0.147206,NEO
1-Feb-17,0.147034,NEO
31-Jan-17,0.153713,NEO
30-Jan-17,0.141147,NEO
29-Jan-17,0.138097,NEO
28-Jan-17,0.130334,NEO
27-Jan-17,0.129894,NEO
26-Jan-17,0.124319,NEO
25-Jan-17,0.120212,NEO
24-Jan-17,0.128569,NEO
23-Jan-17,0.114416,NEO
22-Jan-17,0.116306,NEO
21-Jan-17,0.117955,NEO
20-Jan-17,0.116596,NEO
19-Jan-17,0.123035,NEO
18-Jan-17,0.116816,NEO
17-Jan-17,0.119675,NEO
16-Jan-17,0.12373,NEO
15-Jan-17,0.122904,NEO
14-Jan-17,0.121337,NEO
13-Jan-17,0.124106,NEO
12-Jan-17,0.115137,NEO
11-Jan-17,0.13397,NEO
10-Jan-17,0.123761,NEO
9-Jan-17,0.13263,NEO
8-Jan-17,0.128325,NEO
7-Jan-17,0.135505,NEO
6-Jan-17,0.131087,NEO
5-Jan-17,0.136797,NEO
4-Jan-17,0.140294,NEO
3-Jan-17,0.145645,NEO
2-Jan-17,0.141841,NEO
1-Jan-17,0.144763,NEO
31-Dec-16,0.147526,NEO
30-Dec-16,0.143599,NEO
29-Dec-16,0.150688,NEO
28-Dec-16,0.158032,NEO
27-Dec-16,0.1666,NEO
26-Dec-16,0.146785,NEO
25-Dec-16,0.144213,NEO
24-Dec-16,0.139545,NEO
23-Dec-16,0.155059,NEO
22-Dec-16,0.166441,NEO
21-Dec-16,0.120868,NEO
20-Dec-16,0.121536,NEO
19-Dec-16,0.11526,NEO
18-Dec-16,0.105842,NEO
17-Dec-16,0.114445,NEO
16-Dec-16,0.109869,NEO
15-Dec-16,0.121012,NEO
14-Dec-16,0.12793,NEO
13-Dec-16,0.133035,NEO
12-Dec-16,0.122082,NEO
11-Dec-16,0.125352,NEO
10-Dec-16,0.130952,NEO
9-Dec-16,0.134409,NEO
8-Dec-16,0.137448,NEO
7-Dec-16,0.136196,NEO
6-Dec-16,0.13896,NEO
5-Dec-16,0.14727,NEO
4-Dec-16,0.142444,NEO
3-Dec-16,0.141987,NEO
2-Dec-16,0.140119,NEO
1-Dec-16,0.144522,NEO
30-Nov-16,0.149963,NEO
29-Nov-16,0.167861,NEO
28-Nov-16,0.173073,NEO
27-Nov-16,0.174134,NEO
26-Nov-16,0.174608,NEO
25-Nov-16,0.171903,NEO
24-Nov-16,0.167006,NEO
23-Nov-16,0.168883,NEO
22-Nov-16,0.173474,NEO
21-Nov-16,0.171,NEO
20-Nov-16,0.169929,NEO
19-Nov-16,0.172135,NEO
18-Nov-16,0.173267,NEO
17-Nov-16,0.162654,NEO
16-Nov-16,0.173875,NEO
15-Nov-16,0.183863,NEO
14-Nov-16,0.170347,NEO
13-Nov-16,0.168699,NEO
12-Nov-16,0.172603,NEO
11-Nov-16,0.168293,NEO
10-Nov-16,0.159342,NEO
9-Nov-16,0.161599,NEO
8-Nov-16,0.173073,NEO
7-Nov-16,0.163957,NEO
6-Nov-16,0.1608,NEO
5-Nov-16,0.175934,NEO
4-Nov-16,0.173574,NEO
3-Nov-16,0.197962,NEO
2-Nov-16,0.214646,NEO
1-Nov-16,0.228232,NEO
31-Oct-16,0.18161,NEO
30-Oct-16,0.172946,NEO
29-Oct-16,0.151237,NEO
28-Oct-16,0.127447,NEO
27-Oct-16,0.129608,NEO
26-Oct-16,0.1357,NEO
25-Oct-16,0.093621,NEO
24-Oct-16,0.081,NEO
23-Oct-16,0.081487,NEO
22-Oct-16,0.080197,NEO
21-Oct-16,0.092487,NEO
20-Oct-16,0.117083,NEO
19-Oct-16,0.197446,NEO
18-Oct-16,0.192736,NEO
17-Oct-16,0.175871,NEO
16-Oct-16,0.179883,NEO
15-Oct-16,0.191007,NEO
14-Oct-16,0.1854,NEO
13-Oct-16,0.186072,NEO
12-Oct-16,0.193611,NEO
11-Oct-16,0.193114,NEO
10-Oct-16,0.186466,NEO
